{
  "InsertionSort": 0.0657360890036216,
  "MergeSort": 0.0068238820022088476,
  "SelectionSort": 0.03778971399879083,
  "QuickSort": 0.0030677480026497506,
  "GnomeSort": 0.20570920500176726,
  "HeapSort": 0.006179568998049945,
  "ShellSort": 0.004525794000073802,
  "BubbleSort": 0.12429343599796994,
  "CombSort": 0.0032609620029688813,
  "CountSort": 0.02865325599850621,
  "BucketSort": 0.004213886997604277,
  "RadixSort": 0.005047977996582631,
  "BitonicSort": 0.011760288994992152,
  "TimSort": 0.05396043699875008,
  "CycleSort": 0.12567891600338044,
  "PigeonholeSort": 0.006628033996094018,
  "IntroSort": 0.11197898300451925,
  "OddevenSort": 0.130018507996283,
  "CocktailshakerSort": 0.24632058299903292,
  "StrandSort": 0.012146055996709038,
  "StoogeSort": 19.168449990000227,
  "BogoSort": 20.0,
  "SlowSort": 0.610883034998551,
  "StupidSort": 19.51551529700373,
  "Python's Sort": 0.00010977700003422797
}