{
  "InsertionSort": 0.01872005800032639,
  "MergeSort": 0.0022993240017967764,
  "SelectionSort": 0.018169859999034088,
  "QuickSort": 0.0009997369998018257,
  "GnomeSort": 0.08096594800008461,
  "HeapSort": 0.002174964000005275,
  "ShellSort": 0.001390366000123322,
  "BubbleSort": 0.03808811599810724,
  "CombSort": 0.001463925997086335,
  "CountSort": 0.010842890002095373,
  "BucketSort": 0.0015605560001858976,
  "RadixSort": 0.002110934001393616,
  "BitonicSort": 0.005040125997766154,
  "TimSort": 0.02297694700246211,
  "CycleSort": 0.051948207001260016,
  "PigeonholeSort": 0.0032327909975720104,
  "IntroSort": 0.028922559999045916,
  "OddevenSort": 0.03830351599754067,
  "CocktailshakerSort": 0.09840724999958184,
  "StrandSort": 0.0052272360007918905,
  "StoogeSort": 10.662357826000516,
  "BogoSort": 20.0,
  "SlowSort": 0.610883034998551,
  "StupidSort": 14.172942960998625,
  "Python's Sort": 6.441000004997477e-05
}