{
  "InsertionSort": 11.723585759998969,
  "BinaryInsertionSort": 10.210549365001498,
  "MergeSort": 0.08315383599983761,
  "IterativeMergeSort": 24.512140929000452,
  "SelectionSort": 7.534497795997595,
  "QuickSort": 0.03478201700272621,
  "IterativeQuickSort": 24.716098230997886,
  "GnomeSort": 35.242828814996756,
  "HeapSort": 0.07920364099845756,
  "ShellSort": 0.0816217890023836,
  "BubbleSort": 20.852553445998637,
  "CombSort": 0.05707748799977708,
  "CountSort": 0.023657811001612572,
  "BucketSort": 0.40863821399761946,
  "RadixSort": 0.060244076998060336,
  "BitonicSort": 0.27065192599911825,
  "CycleSort": 23.0045649470012,
  "PigeonholeSort": 0.00825619699753588,
  "IntroSort": 3.976487520001683,
  "OddevenSort": 21.40004572700127,
  "CocktailshakerSort": 44.33889062599701,
  "StrandSort": 1.7251677219974226,
  "PancakeSort": 24.612392238999746,
  "TimSort": 13.735454912999558,
  "Python's Sort": 0.0018073289975291118
}