{
  "InsertionSort": 0.0003754520002985373,
  "MergeSort": 0.0005533139992621727,
  "SelectionSort": 0.0004105179978068918,
  "QuickSort": 0.00013410000246949494,
  "GnomeSort": 0.0015890600043348968,
  "HeapSort": 0.0003699709995999001,
  "ShellSort": 0.000165249002748169,
  "BubbleSort": 0.0008926290029194206,
  "CombSort": 0.00018655899475561455,
  "CountSort": 0.021909224000410177,
  "BucketSort": 0.000258482999925036,
  "RadixSort": 0.0006771259941160679,
  "BitonicSort": 0.0009657349946792237,
  "TimSort": 0.0008927689996198751,
  "CycleSort": 0.0017082839985960163,
  "PigeonholeSort": 0.01068125600431813,
  "IntroSort": 0.0014967180031817406,
  "OddevenSort": 0.0012595650041475892,
  "CocktailshakerSort": 0.0029343849964789115,
  "StrandSort": 0.0004605510039255023,
  "StoogeSort": 0.12997610999445897,
  "BogoSort": 20.0,
  "SlowSort": 1.177391320001334,
  "StupidSort": 0.024346138998225797,
  "Python's Sort": 1.3865996152162552e-05
}