{
  "InsertionSort": 0.0005019020027248189,
  "MergeSort": 0.0005182120003155433,
  "SelectionSort": 0.0005169500000192784,
  "QuickSort": 0.00024178500461857766,
  "GnomeSort": 0.002249204997497145,
  "HeapSort": 0.0005807039997307584,
  "ShellSort": 0.00029023200477240607,
  "BubbleSort": 0.0013734199965256266,
  "CombSort": 0.00030193299608072266,
  "CountSort": 0.00013956099428469315,
  "BucketSort": 0.0002555089959059842,
  "RadixSort": 0.00026755099679576233,
  "BitonicSort": 0.0009693629981484264,
  "TimSort": 0.0007987360004335642,
  "CycleSort": 0.0016297309994115494,
  "PigeonholeSort": 7.49749960959889e-05,
  "IntroSort": 0.0016177289944607764,
  "OddevenSort": 0.0013205149953137152,
  "CocktailshakerSort": 0.0022958080007811077,
  "StrandSort": 0.00044991899630986154,
  "StoogeSort": 0.1131093400035752,
  "BogoSort": 20.0,
  "SlowSort": 1.1653463679976994,
  "StupidSort": 0.0206543810054427,
  "Python's Sort": 1.4245000784285367e-05
}